ID_Commande,ID_Produit,Produit,Prix,Quantite,Remise,Categorie,CA_Brut,CA_Net,TVA,CA_TTC
1001,210,Webcam Logitech,81.09,3,25,Peripherique,243.27,182.45,36.49,218.94
1002,213,Hub USB,47.1,4,10,Accessoire,188.4,169.56,33.91,203.47
1003,214,Tapis de souris XL,26.25,5,0,Accessoire,131.25,131.25,26.25,157.5
1004,213,Hub USB,47.89,1,0,Accessoire,47.89,47.89,9.58,57.47
1005,207,Ecran LG 27,376.84,1,20,Affichage,376.84,301.47,60.29,361.76
1006,202,Ecouteurs Sony,161.38,4,15,Audio,645.52,548.69,109.74,658.43
1007,203,Tablette iPad,861.77,1,0,Mobile,861.77,861.77,172.35,1034.12
1008,200,Smartphone Samsung,584.85,1,0,Mobile,584.85,584.85,116.97,701.82
1009,201,Laptop Dell,1208.66,3,5,Informatique,3625.98,3444.68,688.94,4133.62
1010,210,Webcam Logitech,86.27,1,0,Peripherique,86.27,86.27,17.25,103.52
1011,212,Chargeur USB-C,29.53,1,0,Accessoire,29.53,29.53,5.91,35.44
1012,207,Ecran LG 27,336.68,1,15,Affichage,336.68,286.18,57.24,343.42
1013,205,Clavier Logitech,86.04,1,5,Peripherique,86.04,81.74,16.35,98.09
1014,202,Ecouteurs Sony,157.45,1,0,Audio,157.45,157.45,31.49,188.94
1015,205,Clavier Logitech,89.05,4,0,Peripherique,356.2,356.2,71.24,427.44
1016,203,Tablette iPad,864.15,2,10,Mobile,1728.3,1555.47,311.09,1866.56
1017,208,Imprimante HP,185.44,3,20,Informatique,556.32,445.06,89.01,534.07
1018,212,Chargeur USB-C,28.86,1,0,Accessoire,28.86,28.86,5.77,34.63
1019,212,Chargeur USB-C,31.02,2,10,Accessoire,62.04,55.84,11.17,67.01
1020,210,Webcam Logitech,78.94,1,0,Peripherique,78.94,78.94,15.79,94.73
1021,206,Souris Razer,60.83,2,0,Peripherique,121.66,121.66,24.33,145.99
1022,210,Webcam Logitech,86.34,2,15,Peripherique,172.68,146.78,29.36,176.14
1023,212,Chargeur USB-C,31.33,4,5,Accessoire,125.32,119.05,23.81,142.86
1024,200,Smartphone Samsung,618.27,5,15,Mobile,3091.35,2627.65,525.53,3153.18
1025,202,Ecouteurs Sony,159.21,3,25,Audio,477.63,358.22,71.64,429.86
1026,206,Souris Razer,62.26,4,0,Peripherique,249.04,249.04,49.81,298.85
1027,214,Tapis de souris XL,23.43,1,0,Accessoire,23.43,23.43,4.69,28.12
1028,205,Clavier Logitech,81.15,1,15,Peripherique,81.15,68.98,13.8,82.78
1029,213,Hub USB,48.62,1,0,Accessoire,48.62,48.62,9.72,58.34
1030,206,Souris Razer,60.78,1,15,Peripherique,60.78,51.66,10.33,61.99
1031,200,Smartphone Samsung,645.01,3,0,Mobile,1935.03,1935.03,387.01,2322.04
1032,210,Webcam Logitech,79.54,4,20,Peripherique,318.16,254.53,50.91,305.44
1033,203,Tablette iPad,761.87,1,25,Mobile,761.87,571.4,114.28,685.68
1034,203,Tablette iPad,855.12,2,15,Mobile,1710.24,1453.7,290.74,1744.44
1035,210,Webcam Logitech,78.68,1,5,Peripherique,78.68,74.75,14.95,89.7
1036,212,Chargeur USB-C,30.66,1,15,Accessoire,30.66,26.06,5.21,31.27
1037,213,Hub USB,53.57,3,5,Accessoire,160.71,152.67,30.53,183.2
1038,203,Tablette iPad,737.75,2,15,Mobile,1475.5,1254.17,250.83,1505.0
1039,210,Webcam Logitech,83.41,4,10,Peripherique,333.64,300.28,60.06,360.34
1040,213,Hub USB,51.08,5,15,Accessoire,255.4,217.09,43.42,260.51
1041,209,Disque SSD 1TB,117.76,2,5,Stockage,235.52,223.74,44.75,268.49
1042,206,Souris Razer,61.25,5,20,Peripherique,306.25,245.0,49.0,294.0
1043,205,Clavier Logitech,83.48,4,15,Peripherique,333.92,283.83,56.77,340.6
1044,201,Laptop Dell,1237.83,4,10,Informatique,4951.32,4456.19,891.24,5347.43
1045,202,Ecouteurs Sony,148.93,2,5,Audio,297.86,282.97,56.59,339.56
1046,204,Montre Apple Watch,424.65,1,15,Wearable,424.65,360.95,72.19,433.14
1047,200,Smartphone Samsung,552.43,3,0,Mobile,1657.29,1657.29,331.46,1988.75
1048,205,Clavier Logitech,93.32,3,10,Peripherique,279.96,251.96,50.39,302.35
1049,205,Clavier Logitech,98.14,5,0,Peripherique,490.7,490.7,98.14,588.84
1050,204,Montre Apple Watch,404.48,5,5,Wearable,2022.4,1921.28,384.26,2305.54
1051,200,Smartphone Samsung,602.3,1,15,Mobile,602.3,511.95,102.39,614.34
1052,208,Imprimante HP,205.36,3,15,Informatique,616.08,523.67,104.73,628.4
1053,212,Chargeur USB-C,29.05,4,10,Accessoire,116.2,104.58,20.92,125.5
1054,211,Casque Bose,310.12,5,25,Audio,1550.6,1162.95,232.59,1395.54
1055,200,Smartphone Samsung,639.75,5,20,Mobile,3198.75,2559.0,511.8,3070.8
1056,206,Souris Razer,59.32,4,5,Peripherique,237.28,225.42,45.08,270.5
1057,205,Clavier Logitech,93.54,3,10,Peripherique,280.62,252.56,50.51,303.07
1058,202,Ecouteurs Sony,161.05,4,15,Audio,644.2,547.57,109.51,657.08
1059,213,Hub USB,50.05,5,20,Accessoire,250.25,200.2,40.04,240.24
1060,214,Tapis de souris XL,27.39,4,15,Accessoire,109.56,93.13,18.63,111.76
1061,202,Ecouteurs Sony,142.4,5,5,Audio,712.0,676.4,135.28,811.68
1062,206,Souris Razer,55.92,1,10,Peripherique,55.92,50.33,10.07,60.4
1063,213,Hub USB,52.01,2,15,Accessoire,104.02,88.42,17.68,106.1
1064,212,Chargeur USB-C,29.64,5,5,Accessoire,148.2,140.79,28.16,168.95
1065,209,Disque SSD 1TB,109.37,4,20,Stockage,437.48,349.98,70.0,419.98
1066,212,Chargeur USB-C,29.92,4,0,Accessoire,119.68,119.68,23.94,143.62
1067,209,Disque SSD 1TB,126.23,3,5,Stockage,378.69,359.76,71.95,431.71
1068,202,Ecouteurs Sony,147.8,2,15,Audio,295.6,251.26,50.25,301.51
1069,203,Tablette iPad,751.16,3,25,Mobile,2253.48,1690.11,338.02,2028.13
1070,205,Clavier Logitech,83.9,1,0,Peripherique,83.9,83.9,16.78,100.68
1071,205,Clavier Logitech,86.3,5,0,Peripherique,431.5,431.5,86.3,517.8
1072,211,Casque Bose,322.95,1,15,Audio,322.95,274.51,54.9,329.41
1073,213,Hub USB,47.76,3,0,Accessoire,143.28,143.28,28.66,171.94
1074,200,Smartphone Samsung,563.7,2,10,Mobile,1127.4,1014.66,202.93,1217.59
1075,211,Casque Bose,293.16,2,10,Audio,586.32,527.69,105.54,633.23
1076,206,Souris Razer,55.04,1,0,Peripherique,55.04,55.04,11.01,66.05
1077,212,Chargeur USB-C,32.24,1,5,Accessoire,32.24,30.63,6.13,36.76
1078,210,Webcam Logitech,83.22,4,20,Peripherique,332.88,266.3,53.26,319.56
1079,202,Ecouteurs Sony,135.14,5,20,Audio,675.7,540.56,108.11,648.67
1080,214,Tapis de souris XL,23.91,1,5,Accessoire,23.91,22.71,4.54,27.25
1081,208,Imprimante HP,208.68,2,10,Informatique,417.36,375.62,75.12,450.74
1082,207,Ecran LG 27,340.4,2,5,Affichage,680.8,646.76,129.35,776.11
1083,202,Ecouteurs Sony,159.22,4,0,Audio,636.88,636.88,127.38,764.26
1084,200,Smartphone Samsung,591.48,1,15,Mobile,591.48,502.76,100.55,603.31
1085,205,Clavier Logitech,89.27,4,5,Peripherique,357.08,339.23,67.85,407.08
1086,214,Tapis de souris XL,26.84,5,5,Accessoire,134.2,127.49,25.5,152.99
1087,214,Tapis de souris XL,25.9,5,0,Accessoire,129.5,129.5,25.9,155.4
1088,205,Clavier Logitech,98.56,1,0,Peripherique,98.56,98.56,19.71,118.27
1089,212,Chargeur USB-C,28.12,1,0,Accessoire,28.12,28.12,5.62,33.74
1090,210,Webcam Logitech,86.07,3,20,Peripherique,258.21,206.57,41.31,247.88
1091,208,Imprimante HP,195.6,4,10,Informatique,782.4,704.16,140.83,844.99
1092,212,Chargeur USB-C,29.8,2,0,Accessoire,59.6,59.6,11.92,71.52
1093,200,Smartphone Samsung,605.47,5,15,Mobile,3027.35,2573.25,514.65,3087.9
1094,201,Laptop Dell,1248.86,2,0,Informatique,2497.72,2497.72,499.54,2997.26
1095,209,Disque SSD 1TB,125.48,5,5,Stockage,627.4,596.03,119.21,715.24
1096,203,Tablette iPad,875.95,1,20,Mobile,875.95,700.76,140.15,840.91
1097,214,Tapis de souris XL,25.85,5,15,Accessoire,129.25,109.86,21.97,131.83
1098,210,Webcam Logitech,73.29,1,5,Peripherique,73.29,69.63,13.93,83.56
1099,206,Souris Razer,60.84,2,0,Peripherique,121.68,121.68,24.34,146.02
1100,213,Hub USB,47.06,5,25,Accessoire,235.3,176.48,35.3,211.78
1101,213,Hub USB,46.19,5,25,Accessoire,230.95,173.21,34.64,207.85
1102,205,Clavier Logitech,90.47,3,5,Peripherique,271.41,257.84,51.57,309.41
1103,200,Smartphone Samsung,596.81,1,10,Mobile,596.81,537.13,107.43,644.56
1104,205,Clavier Logitech,87.71,5,0,Peripherique,438.55,438.55,87.71,526.26
1105,211,Casque Bose,324.7,4,10,Audio,1298.8,1168.92,233.78,1402.7
1106,208,Imprimante HP,199.51,5,10,Informatique,997.55,897.79,179.56,1077.35
1107,200,Smartphone Samsung,619.55,3,5,Mobile,1858.65,1765.72,353.14,2118.86
1108,205,Clavier Logitech,89.26,2,10,Peripherique,178.52,160.67,32.13,192.8
1109,204,Montre Apple Watch,423.46,1,0,Wearable,423.46,423.46,84.69,508.15
1110,202,Ecouteurs Sony,162.5,5,10,Audio,812.5,731.25,146.25,877.5
1111,200,Smartphone Samsung,604.22,5,0,Mobile,3021.1,3021.1,604.22,3625.32
1112,213,Hub USB,49.89,5,5,Accessoire,249.45,236.98,47.4,284.38
1113,213,Hub USB,46.7,5,10,Accessoire,233.5,210.15,42.03,252.18
1114,214,Tapis de souris XL,25.15,1,10,Accessoire,25.15,22.63,4.53,27.16
1115,207,Ecran LG 27,317.07,3,10,Affichage,951.21,856.09,171.22,1027.31
1116,214,Tapis de souris XL,25.57,1,10,Accessoire,25.57,23.01,4.6,27.61
1117,204,Montre Apple Watch,387.11,4,20,Wearable,1548.44,1238.75,247.75,1486.5
1118,210,Webcam Logitech,83.46,3,20,Peripherique,250.38,200.3,40.06,240.36
1119,209,Disque SSD 1TB,115.8,2,0,Stockage,231.6,231.6,46.32,277.92
1120,210,Webcam Logitech,73.03,3,5,Peripherique,219.09,208.14,41.63,249.77
1121,204,Montre Apple Watch,417.37,4,10,Wearable,1669.48,1502.53,300.51,1803.04
1122,205,Clavier Logitech,83.46,2,0,Peripherique,166.92,166.92,33.38,200.3
1123,212,Chargeur USB-C,30.9,2,5,Accessoire,61.8,58.71,11.74,70.45
1124,201,Laptop Dell,1162.32,2,0,Informatique,2324.64,2324.64,464.93,2789.57
1125,212,Chargeur USB-C,30.97,4,20,Accessoire,123.88,99.1,19.82,118.92
1126,205,Clavier Logitech,88.05,5,0,Peripherique,440.25,440.25,88.05,528.3
1127,207,Ecran LG 27,365.37,4,10,Affichage,1461.48,1315.33,263.07,1578.4
1128,210,Webcam Logitech,80.45,2,0,Peripherique,160.9,160.9,32.18,193.08
1129,208,Imprimante HP,187.9,4,5,Informatique,751.6,714.02,142.8,856.82
1130,202,Ecouteurs Sony,135.11,2,20,Audio,270.22,216.18,43.24,259.42
1131,201,Laptop Dell,1265.44,2,0,Informatique,2530.88,2530.88,506.18,3037.06
1132,209,Disque SSD 1TB,131.22,5,10,Stockage,656.1,590.49,118.1,708.59
1133,207,Ecran LG 27,377.39,5,10,Affichage,1886.95,1698.26,339.65,2037.91
1134,210,Webcam Logitech,84.93,3,5,Peripherique,254.79,242.05,48.41,290.46
1135,209,Disque SSD 1TB,117.09,3,0,Stockage,351.27,351.27,70.25,421.52
1136,214,Tapis de souris XL,24.74,1,10,Accessoire,24.74,22.27,4.45,26.72
1137,202,Ecouteurs Sony,138.67,3,5,Audio,416.01,395.21,79.04,474.25
1138,214,Tapis de souris XL,24.06,5,5,Accessoire,120.3,114.28,22.86,137.14
1139,201,Laptop Dell,1201.73,5,0,Informatique,6008.65,6008.65,1201.73,7210.38
1140,212,Chargeur USB-C,27.32,4,0,Accessoire,109.28,109.28,21.86,131.14
1141,202,Ecouteurs Sony,152.39,2,10,Audio,304.78,274.3,54.86,329.16
1142,214,Tapis de souris XL,26.87,4,10,Accessoire,107.48,96.73,19.35,116.08
1143,214,Tapis de souris XL,23.92,2,5,Accessoire,47.84,45.45,9.09,54.54
1144,207,Ecran LG 27,384.99,1,25,Affichage,384.99,288.74,57.75,346.49
1145,212,Chargeur USB-C,29.41,4,10,Accessoire,117.64,105.88,21.18,127.06
1146,211,Casque Bose,326.62,1,0,Audio,326.62,326.62,65.32,391.94
1147,202,Ecouteurs Sony,159.77,4,0,Audio,639.08,639.08,127.82,766.9
1148,212,Chargeur USB-C,32.21,4,5,Accessoire,128.84,122.4,24.48,146.88
1149,214,Tapis de souris XL,22.87,4,10,Accessoire,91.48,82.33,16.47,98.8
1150,212,Chargeur USB-C,31.89,5,5,Accessoire,159.45,151.48,30.3,181.78
1151,212,Chargeur USB-C,29.37,1,25,Accessoire,29.37,22.03,4.41,26.44
1152,214,Tapis de souris XL,23.0,3,0,Accessoire,69.0,69.0,13.8,82.8
1153,208,Imprimante HP,191.33,1,5,Informatique,191.33,181.76,36.35,218.11
1154,209,Disque SSD 1TB,110.81,2,0,Stockage,221.62,221.62,44.32,265.94
1155,205,Clavier Logitech,84.07,4,0,Peripherique,336.28,336.28,67.26,403.54
1156,204,Montre Apple Watch,362.1,4,0,Wearable,1448.4,1448.4,289.68,1738.08
1157,207,Ecran LG 27,341.32,3,25,Affichage,1023.96,767.97,153.59,921.56
1158,214,Tapis de souris XL,26.7,5,0,Accessoire,133.5,133.5,26.7,160.2
1159,212,Chargeur USB-C,28.45,1,15,Accessoire,28.45,24.18,4.84,29.02
1160,209,Disque SSD 1TB,128.6,1,10,Stockage,128.6,115.74,23.15,138.89
1161,208,Imprimante HP,209.44,5,5,Informatique,1047.2,994.84,198.97,1193.81
1162,211,Casque Bose,323.96,3,25,Audio,971.88,728.91,145.78,874.69
1163,213,Hub USB,54.96,4,5,Accessoire,219.84,208.85,41.77,250.62
1164,211,Casque Bose,324.12,3,0,Audio,972.36,972.36,194.47,1166.83
1165,204,Montre Apple Watch,382.38,4,15,Wearable,1529.52,1300.09,260.02,1560.11
1166,206,Souris Razer,61.12,2,20,Peripherique,122.24,97.79,19.56,117.35
1167,200,Smartphone Samsung,628.49,3,5,Mobile,1885.47,1791.2,358.24,2149.44
1168,211,Casque Bose,279.44,4,15,Audio,1117.76,950.1,190.02,1140.12
1169,211,Casque Bose,327.03,1,0,Audio,327.03,327.03,65.41,392.44
1170,203,Tablette iPad,785.01,4,10,Mobile,3140.04,2826.04,565.21,3391.25
1171,212,Chargeur USB-C,28.62,4,15,Accessoire,114.48,97.31,19.46,116.77
1172,214,Tapis de souris XL,25.72,4,15,Accessoire,102.88,87.45,17.49,104.94
1173,202,Ecouteurs Sony,145.05,4,0,Audio,580.2,580.2,116.04,696.24
1174,212,Chargeur USB-C,27.73,5,5,Accessoire,138.65,131.72,26.34,158.06
1175,203,Tablette iPad,806.52,1,10,Mobile,806.52,725.87,145.17,871.04
1176,206,Souris Razer,57.25,5,10,Peripherique,286.25,257.62,51.52,309.14
1177,206,Souris Razer,60.57,3,15,Peripherique,181.71,154.45,30.89,185.34
1178,210,Webcam Logitech,73.46,3,10,Peripherique,220.38,198.34,39.67,238.01
1179,208,Imprimante HP,197.63,3,5,Informatique,592.89,563.25,112.65,675.9
1180,205,Clavier Logitech,94.09,2,10,Peripherique,188.18,169.36,33.87,203.23
1181,209,Disque SSD 1TB,112.97,1,20,Stockage,112.97,90.38,18.08,108.46
1182,206,Souris Razer,63.08,3,10,Peripherique,189.24,170.32,34.06,204.38
1183,214,Tapis de souris XL,25.42,2,5,Accessoire,50.84,48.3,9.66,57.96
1184,202,Ecouteurs Sony,137.04,1,10,Audio,137.04,123.34,24.67,148.01
1185,203,Tablette iPad,745.53,2,5,Mobile,1491.06,1416.51,283.3,1699.81
1186,202,Ecouteurs Sony,164.37,2,10,Audio,328.74,295.87,59.17,355.04
1187,214,Tapis de souris XL,24.32,4,15,Accessoire,97.28,82.69,16.54,99.23
1188,200,Smartphone Samsung,599.61,4,25,Mobile,2398.44,1798.83,359.77,2158.6
1189,207,Ecran LG 27,379.36,4,0,Affichage,1517.44,1517.44,303.49,1820.93
1190,212,Chargeur USB-C,31.02,5,15,Accessoire,155.1,131.83,26.37,158.2
1191,206,Souris Razer,63.99,5,15,Peripherique,319.95,271.96,54.39,326.35
1192,204,Montre Apple Watch,379.02,3,10,Wearable,1137.06,1023.35,204.67,1228.02
1193,202,Ecouteurs Sony,159.02,2,20,Audio,318.04,254.43,50.89,305.32
1194,204,Montre Apple Watch,427.48,3,20,Wearable,1282.44,1025.95,205.19,1231.14
1195,214,Tapis de souris XL,26.09,2,0,Accessoire,52.18,52.18,10.44,62.62
1196,205,Clavier Logitech,82.96,2,0,Peripherique,165.92,165.92,33.18,199.1
1197,204,Montre Apple Watch,375.38,1,5,Wearable,375.38,356.61,71.32,427.93
1198,200,Smartphone Samsung,560.46,2,0,Mobile,1120.92,1120.92,224.18,1345.1
1199,213,Hub USB,46.06,5,15,Accessoire,230.3,195.75,39.15,234.9
1200,201,Laptop Dell,1261.27,3,20,Informatique,3783.81,3027.05,605.41,3632.46
1201,213,Hub USB,45.55,2,0,Accessoire,91.1,91.1,18.22,109.32
1202,203,Tablette iPad,800.37,1,20,Mobile,800.37,640.3,128.06,768.36
1203,210,Webcam Logitech,84.5,1,5,Peripherique,84.5,80.27,16.05,96.32
1204,210,Webcam Logitech,81.5,5,5,Peripherique,407.5,387.12,77.42,464.54
1205,209,Disque SSD 1TB,126.72,4,5,Stockage,506.88,481.54,96.31,577.85
1206,206,Souris Razer,63.18,3,10,Peripherique,189.54,170.59,34.12,204.71
1207,214,Tapis de souris XL,25.61,3,15,Accessoire,76.83,65.31,13.06,78.37
1208,205,Clavier Logitech,83.93,5,20,Peripherique,419.65,335.72,67.14,402.86
1209,208,Imprimante HP,215.42,4,0,Informatique,861.68,861.68,172.34,1034.02
1210,209,Disque SSD 1TB,127.25,4,25,Stockage,509.0,381.75,76.35,458.1
1211,200,Smartphone Samsung,629.63,5,20,Mobile,3148.15,2518.52,503.7,3022.22
1212,200,Smartphone Samsung,543.53,5,20,Mobile,2717.65,2174.12,434.82,2608.94
1213,205,Clavier Logitech,94.14,5,10,Peripherique,470.7,423.63,84.73,508.36
1214,210,Webcam Logitech,87.52,5,5,Peripherique,437.6,415.72,83.14,498.86
1215,209,Disque SSD 1TB,113.04,5,10,Stockage,565.2,508.68,101.74,610.42
1216,205,Clavier Logitech,88.03,5,5,Peripherique,440.15,418.14,83.63,501.77
1217,205,Clavier Logitech,92.05,1,5,Peripherique,92.05,87.45,17.49,104.94
1218,212,Chargeur USB-C,32.55,4,0,Accessoire,130.2,130.2,26.04,156.24
1219,206,Souris Razer,60.59,2,10,Peripherique,121.18,109.06,21.81,130.87
1220,209,Disque SSD 1TB,129.22,1,0,Stockage,129.22,129.22,25.84,155.06
1221,206,Souris Razer,60.8,3,25,Peripherique,182.4,136.8,27.36,164.16
1222,200,Smartphone Samsung,653.55,4,20,Mobile,2614.2,2091.36,418.27,2509.63
1223,214,Tapis de souris XL,23.71,5,5,Accessoire,118.55,112.62,22.52,135.14
1224,214,Tapis de souris XL,23.22,1,20,Accessoire,23.22,18.58,3.72,22.3
1225,204,Montre Apple Watch,434.1,2,10,Wearable,868.2,781.38,156.28,937.66
1226,203,Tablette iPad,819.25,3,10,Mobile,2457.75,2211.97,442.39,2654.36
1227,214,Tapis de souris XL,24.96,5,25,Accessoire,124.8,93.6,18.72,112.32
1228,212,Chargeur USB-C,28.47,5,0,Accessoire,142.35,142.35,28.47,170.82
1229,212,Chargeur USB-C,27.76,5,20,Accessoire,138.8,111.04,22.21,133.25
1230,210,Webcam Logitech,81.62,4,20,Peripherique,326.48,261.18,52.24,313.42
1231,214,Tapis de souris XL,25.36,5,25,Accessoire,126.8,95.1,19.02,114.12
1232,202,Ecouteurs Sony,143.92,5,5,Audio,719.6,683.62,136.72,820.34
1233,204,Montre Apple Watch,427.06,3,15,Wearable,1281.18,1089.0,217.8,1306.8
1234,202,Ecouteurs Sony,152.6,3,25,Audio,457.8,343.35,68.67,412.02
1235,214,Tapis de souris XL,26.16,4,25,Accessoire,104.64,78.48,15.7,94.18
1236,206,Souris Razer,57.01,1,0,Peripherique,57.01,57.01,11.4,68.41
1237,213,Hub USB,45.44,3,0,Accessoire,136.32,136.32,27.26,163.58
1238,213,Hub USB,50.24,3,5,Accessoire,150.72,143.18,28.64,171.82
1239,209,Disque SSD 1TB,119.0,2,5,Stockage,238.0,226.1,45.22,271.32
1240,210,Webcam Logitech,76.42,5,20,Peripherique,382.1,305.68,61.14,366.82
1241,205,Clavier Logitech,81.07,2,20,Peripherique,162.14,129.71,25.94,155.65
1242,206,Souris Razer,65.3,4,20,Peripherique,261.2,208.96,41.79,250.75
1243,204,Montre Apple Watch,421.59,4,25,Wearable,1686.36,1264.77,252.95,1517.72
1244,210,Webcam Logitech,79.04,1,20,Peripherique,79.04,63.23,12.65,75.88
1245,202,Ecouteurs Sony,157.52,4,0,Audio,630.08,630.08,126.02,756.1
1246,209,Disque SSD 1TB,117.31,1,10,Stockage,117.31,105.58,21.12,126.7
1247,214,Tapis de souris XL,25.58,2,5,Accessoire,51.16,48.6,9.72,58.32
1248,212,Chargeur USB-C,28.04,2,5,Accessoire,56.08,53.28,10.66,63.94
1249,201,Laptop Dell,1227.11,3,0,Informatique,3681.33,3681.33,736.27,4417.6
1250,212,Chargeur USB-C,32.69,4,5,Accessoire,130.76,124.22,24.84,149.06
1251,213,Hub USB,47.1,4,0,Accessoire,188.4,188.4,37.68,226.08
1252,214,Tapis de souris XL,24.58,4,0,Accessoire,98.32,98.32,19.66,117.98
1253,212,Chargeur USB-C,32.66,5,10,Accessoire,163.3,146.97,29.39,176.36
1254,214,Tapis de souris XL,25.27,3,0,Accessoire,75.81,75.81,15.16,90.97
1255,205,Clavier Logitech,87.75,5,10,Peripherique,438.75,394.88,78.98,473.86
1256,214,Tapis de souris XL,25.9,3,0,Accessoire,77.7,77.7,15.54,93.24
1257,207,Ecran LG 27,347.04,1,25,Affichage,347.04,260.28,52.06,312.34
1258,202,Ecouteurs Sony,141.26,4,0,Audio,565.04,565.04,113.01,678.05
1259,210,Webcam Logitech,73.67,3,5,Peripherique,221.01,209.96,41.99,251.95
1260,202,Ecouteurs Sony,146.86,2,15,Audio,293.72,249.66,49.93,299.59
1261,209,Disque SSD 1TB,124.89,5,0,Stockage,624.45,624.45,124.89,749.34
1262,208,Imprimante HP,196.14,5,10,Informatique,980.7,882.63,176.53,1059.16
1263,201,Laptop Dell,1123.2,2,0,Informatique,2246.4,2246.4,449.28,2695.68
1264,206,Souris Razer,55.63,1,10,Peripherique,55.63,50.07,10.01,60.08
1265,213,Hub USB,51.28,4,10,Accessoire,205.12,184.61,36.92,221.53
1266,209,Disque SSD 1TB,124.39,2,25,Stockage,248.78,186.59,37.32,223.91
1267,210,Webcam Logitech,85.16,2,5,Peripherique,170.32,161.8,32.36,194.16
1268,202,Ecouteurs Sony,155.29,5,5,Audio,776.45,737.63,147.53,885.16
1269,213,Hub USB,54.78,5,5,Accessoire,273.9,260.2,52.04,312.24
1270,204,Montre Apple Watch,388.99,2,20,Wearable,777.98,622.38,124.48,746.86
1271,208,Imprimante HP,191.36,4,5,Informatique,765.44,727.17,145.43,872.6
1272,208,Imprimante HP,189.55,2,10,Informatique,379.1,341.19,68.24,409.43
1273,214,Tapis de souris XL,23.35,1,15,Accessoire,23.35,19.85,3.97,23.82
1274,206,Souris Razer,60.42,4,20,Peripherique,241.68,193.34,38.67,232.01
1275,213,Hub USB,48.99,3,0,Accessoire,146.97,146.97,29.39,176.36
1276,201,Laptop Dell,1151.06,2,10,Informatique,2302.12,2071.91,414.38,2486.29
1277,203,Tablette iPad,844.25,4,5,Mobile,3377.0,3208.15,641.63,3849.78
1278,205,Clavier Logitech,88.53,1,5,Peripherique,88.53,84.1,16.82,100.92
1279,205,Clavier Logitech,84.77,1,20,Peripherique,84.77,67.82,13.56,81.38
1280,211,Casque Bose,322.79,4,10,Audio,1291.16,1162.04,232.41,1394.45
1281,207,Ecran LG 27,360.1,1,5,Affichage,360.1,342.1,68.42,410.52
1282,206,Souris Razer,58.0,1,15,Peripherique,58.0,49.3,9.86,59.16
1283,213,Hub USB,47.09,1,5,Accessoire,47.09,44.74,8.95,53.69
1284,206,Souris Razer,61.27,3,20,Peripherique,183.81,147.05,29.41,176.46
1285,212,Chargeur USB-C,29.53,1,10,Accessoire,29.53,26.58,5.32,31.9
1286,202,Ecouteurs Sony,153.02,2,0,Audio,306.04,306.04,61.21,367.25
1287,203,Tablette iPad,854.35,4,20,Mobile,3417.4,2733.92,546.78,3280.7
1288,205,Clavier Logitech,91.99,2,25,Peripherique,183.98,137.98,27.6,165.58
1289,202,Ecouteurs Sony,151.98,3,5,Audio,455.94,433.14,86.63,519.77
1290,201,Laptop Dell,1110.82,1,10,Informatique,1110.82,999.74,199.95,1199.69
1291,205,Clavier Logitech,89.16,5,10,Peripherique,445.8,401.22,80.24,481.46
1292,212,Chargeur USB-C,27.77,1,25,Accessoire,27.77,20.83,4.17,25.0
1293,201,Laptop Dell,1173.4,4,10,Informatique,4693.6,4224.24,844.85,5069.09
1294,207,Ecran LG 27,318.05,1,5,Affichage,318.05,302.15,60.43,362.58
1295,206,Souris Razer,62.61,3,10,Peripherique,187.83,169.05,33.81,202.86
1296,203,Tablette iPad,850.58,4,0,Mobile,3402.32,3402.32,680.46,4082.78
1297,205,Clavier Logitech,94.45,2,0,Peripherique,188.9,188.9,37.78,226.68
1298,206,Souris Razer,60.68,1,10,Peripherique,60.68,54.61,10.92,65.53
1299,212,Chargeur USB-C,30.9,4,0,Accessoire,123.6,123.6,24.72,148.32
1300,212,Chargeur USB-C,29.38,2,15,Accessoire,58.76,49.95,9.99,59.94
1301,214,Tapis de souris XL,25.88,5,0,Accessoire,129.4,129.4,25.88,155.28
1302,205,Clavier Logitech,87.34,4,0,Peripherique,349.36,349.36,69.87,419.23
1303,205,Clavier Logitech,86.22,4,0,Peripherique,344.88,344.88,68.98,413.86
1304,202,Ecouteurs Sony,160.56,5,0,Audio,802.8,802.8,160.56,963.36
1305,208,Imprimante HP,211.61,1,15,Informatique,211.61,179.87,35.97,215.84
1306,207,Ecran LG 27,378.65,3,10,Affichage,1135.95,1022.36,204.47,1226.83
1307,202,Ecouteurs Sony,137.25,2,20,Audio,274.5,219.6,43.92,263.52
1308,212,Chargeur USB-C,31.49,3,10,Accessoire,94.47,85.02,17.0,102.02
1309,210,Webcam Logitech,77.4,5,10,Peripherique,387.0,348.3,69.66,417.96
1310,200,Smartphone Samsung,562.95,4,0,Mobile,2251.8,2251.8,450.36,2702.16
1311,203,Tablette iPad,778.22,2,15,Mobile,1556.44,1322.97,264.59,1587.56
1312,214,Tapis de souris XL,23.22,2,15,Accessoire,46.44,39.47,7.89,47.36
1313,206,Souris Razer,63.72,4,0,Peripherique,254.88,254.88,50.98,305.86
1314,203,Tablette iPad,817.19,5,0,Mobile,4085.95,4085.95,817.19,4903.14
1315,214,Tapis de souris XL,25.82,3,10,Accessoire,77.46,69.71,13.94,83.65
1316,202,Ecouteurs Sony,152.37,3,20,Audio,457.11,365.69,73.14,438.83
1317,213,Hub USB,47.49,4,5,Accessoire,189.96,180.46,36.09,216.55
1318,209,Disque SSD 1TB,114.05,5,10,Stockage,570.25,513.23,102.65,615.88
1319,202,Ecouteurs Sony,150.67,4,0,Audio,602.68,602.68,120.54,723.22
1320,207,Ecran LG 27,351.08,3,10,Affichage,1053.24,947.92,189.58,1137.5
1321,214,Tapis de souris XL,26.36,1,5,Accessoire,26.36,25.04,5.01,30.05
1322,204,Montre Apple Watch,366.75,2,5,Wearable,733.5,696.82,139.36,836.18
1323,211,Casque Bose,293.6,3,20,Audio,880.8,704.64,140.93,845.57
1324,214,Tapis de souris XL,27.08,1,10,Accessoire,27.08,24.37,4.87,29.24
1325,213,Hub USB,50.68,5,0,Accessoire,253.4,253.4,50.68,304.08
1326,212,Chargeur USB-C,27.14,1,0,Accessoire,27.14,27.14,5.43,32.57
1327,206,Souris Razer,59.67,3,20,Peripherique,179.01,143.21,28.64,171.85
1328,213,Hub USB,47.58,1,10,Accessoire,47.58,42.82,8.56,51.38
1329,201,Laptop Dell,1217.02,2,5,Informatique,2434.04,2312.34,462.47,2774.81
1330,214,Tapis de souris XL,24.03,4,0,Accessoire,96.12,96.12,19.22,115.34
1331,200,Smartphone Samsung,552.31,1,5,Mobile,552.31,524.69,104.94,629.63
1332,213,Hub USB,50.12,1,5,Accessoire,50.12,47.61,9.52,57.13
1333,214,Tapis de souris XL,23.85,3,0,Accessoire,71.55,71.55,14.31,85.86
1334,212,Chargeur USB-C,31.76,4,0,Accessoire,127.04,127.04,25.41,152.45
1335,213,Hub USB,46.11,1,25,Accessoire,46.11,34.58,6.92,41.5
1336,202,Ecouteurs Sony,150.26,1,5,Audio,150.26,142.75,28.55,171.3
1337,213,Hub USB,51.36,3,5,Accessoire,154.08,146.38,29.28,175.66
1338,204,Montre Apple Watch,372.92,4,15,Wearable,1491.68,1267.93,253.59,1521.52
1339,209,Disque SSD 1TB,108.22,3,0,Stockage,324.66,324.66,64.93,389.59
1340,212,Chargeur USB-C,27.53,5,10,Accessoire,137.65,123.89,24.78,148.67
1341,203,Tablette iPad,731.14,1,15,Mobile,731.14,621.47,124.29,745.76
1342,211,Casque Bose,299.07,4,5,Audio,1196.28,1136.47,227.29,1363.76
1343,201,Laptop Dell,1138.37,5,20,Informatique,5691.85,4553.48,910.7,5464.18
1344,204,Montre Apple Watch,413.59,2,10,Wearable,827.18,744.46,148.89,893.35
1345,200,Smartphone Samsung,592.9,5,5,Mobile,2964.5,2816.28,563.26,3379.54
1346,202,Ecouteurs Sony,146.39,4,20,Audio,585.56,468.45,93.69,562.14
1347,208,Imprimante HP,203.8,5,0,Informatique,1019.0,1019.0,203.8,1222.8
1348,201,Laptop Dell,1291.19,1,0,Informatique,1291.19,1291.19,258.24,1549.43
1349,204,Montre Apple Watch,371.09,3,10,Wearable,1113.27,1001.94,200.39,1202.33
1350,209,Disque SSD 1TB,124.2,5,20,Stockage,621.0,496.8,99.36,596.16
1351,200,Smartphone Samsung,646.02,5,0,Mobile,3230.1,3230.1,646.02,3876.12
1352,202,Ecouteurs Sony,136.57,3,5,Audio,409.71,389.22,77.84,467.06
1353,205,Clavier Logitech,95.33,5,10,Peripherique,476.65,428.99,85.8,514.79
1354,200,Smartphone Samsung,559.84,1,0,Mobile,559.84,559.84,111.97,671.81
1355,203,Tablette iPad,823.43,2,0,Mobile,1646.86,1646.86,329.37,1976.23
1356,213,Hub USB,47.8,3,10,Accessoire,143.4,129.06,25.81,154.87
1357,202,Ecouteurs Sony,147.93,4,20,Audio,591.72,473.38,94.68,568.06
1358,213,Hub USB,52.97,3,10,Accessoire,158.91,143.02,28.6,171.62
1359,212,Chargeur USB-C,27.9,1,20,Accessoire,27.9,22.32,4.46,26.78
1360,210,Webcam Logitech,76.79,2,20,Peripherique,153.58,122.86,24.57,147.43
1361,204,Montre Apple Watch,435.8,4,25,Wearable,1743.2,1307.4,261.48,1568.88
1362,202,Ecouteurs Sony,162.6,3,10,Audio,487.8,439.02,87.8,526.82
1363,205,Clavier Logitech,82.96,4,15,Peripherique,331.84,282.06,56.41,338.47
1364,209,Disque SSD 1TB,131.07,3,20,Stockage,393.21,314.57,62.91,377.48
1365,209,Disque SSD 1TB,110.34,3,5,Stockage,331.02,314.47,62.89,377.36
1366,211,Casque Bose,310.78,1,20,Audio,310.78,248.62,49.72,298.34
1367,205,Clavier Logitech,93.95,1,25,Peripherique,93.95,70.46,14.09,84.55
1368,209,Disque SSD 1TB,125.09,4,5,Stockage,500.36,475.34,95.07,570.41
1369,212,Chargeur USB-C,31.84,3,0,Accessoire,95.52,95.52,19.1,114.62
1370,210,Webcam Logitech,78.95,5,25,Peripherique,394.75,296.06,59.21,355.27
1371,206,Souris Razer,58.83,4,5,Peripherique,235.32,223.55,44.71,268.26
1372,205,Clavier Logitech,91.08,5,20,Peripherique,455.4,364.32,72.86,437.18
1373,206,Souris Razer,63.59,5,0,Peripherique,317.95,317.95,63.59,381.54
1374,214,Tapis de souris XL,23.62,4,5,Accessoire,94.48,89.76,17.95,107.71
1375,208,Imprimante HP,213.96,1,10,Informatique,213.96,192.56,38.51,231.07
1376,202,Ecouteurs Sony,140.52,1,15,Audio,140.52,119.44,23.89,143.33
1377,214,Tapis de souris XL,27.3,2,0,Accessoire,54.6,54.6,10.92,65.52
1378,202,Ecouteurs Sony,141.56,1,15,Audio,141.56,120.33,24.07,144.4
1379,206,Souris Razer,64.23,2,0,Peripherique,128.46,128.46,25.69,154.15
1380,209,Disque SSD 1TB,116.61,2,5,Stockage,233.22,221.56,44.31,265.87
1381,202,Ecouteurs Sony,156.62,5,10,Audio,783.1,704.79,140.96,845.75
1382,200,Smartphone Samsung,627.41,2,5,Mobile,1254.82,1192.08,238.42,1430.5
1383,204,Montre Apple Watch,364.53,1,0,Wearable,364.53,364.53,72.91,437.44
1384,213,Hub USB,53.39,4,0,Accessoire,213.56,213.56,42.71,256.27
1385,202,Ecouteurs Sony,145.59,1,0,Audio,145.59,145.59,29.12,174.71
1386,214,Tapis de souris XL,22.96,1,10,Accessoire,22.96,20.66,4.13,24.79
1387,202,Ecouteurs Sony,144.1,1,0,Audio,144.1,144.1,28.82,172.92
1388,214,Tapis de souris XL,22.93,3,10,Accessoire,68.79,61.91,12.38,74.29
1389,212,Chargeur USB-C,28.15,3,10,Accessoire,84.45,76.01,15.2,91.21
1390,207,Ecran LG 27,344.04,1,5,Affichage,344.04,326.84,65.37,392.21
1391,212,Chargeur USB-C,30.79,3,15,Accessoire,92.37,78.51,15.7,94.21
1392,213,Hub USB,51.0,1,15,Accessoire,51.0,43.35,8.67,52.02
1393,212,Chargeur USB-C,31.31,4,10,Accessoire,125.24,112.72,22.54,135.26
1394,209,Disque SSD 1TB,125.51,5,10,Stockage,627.55,564.79,112.96,677.75
1395,212,Chargeur USB-C,32.38,4,5,Accessoire,129.52,123.04,24.61,147.65
1396,204,Montre Apple Watch,416.27,1,20,Wearable,416.27,333.02,66.6,399.62
1397,202,Ecouteurs Sony,141.83,5,5,Audio,709.15,673.69,134.74,808.43
1398,209,Disque SSD 1TB,129.87,4,5,Stockage,519.48,493.51,98.7,592.21
1399,200,Smartphone Samsung,574.52,5,15,Mobile,2872.6,2441.71,488.34,2930.05
1400,214,Tapis de souris XL,25.87,5,25,Accessoire,129.35,97.01,19.4,116.41
1401,212,Chargeur USB-C,28.75,3,10,Accessoire,86.25,77.62,15.52,93.14
1402,213,Hub USB,47.7,5,20,Accessoire,238.5,190.8,38.16,228.96
1403,213,Hub USB,54.94,5,0,Accessoire,274.7,274.7,54.94,329.64
1404,204,Montre Apple Watch,409.98,3,10,Wearable,1229.94,1106.95,221.39,1328.34
1405,212,Chargeur USB-C,29.6,1,15,Accessoire,29.6,25.16,5.03,30.19
1406,211,Casque Bose,305.22,2,10,Audio,610.44,549.4,109.88,659.28
1407,206,Souris Razer,57.9,1,10,Peripherique,57.9,52.11,10.42,62.53
1408,211,Casque Bose,316.8,3,20,Audio,950.4,760.32,152.06,912.38
1409,205,Clavier Logitech,87.45,3,15,Peripherique,262.35,223.0,44.6,267.6
1410,209,Disque SSD 1TB,123.15,3,25,Stockage,369.45,277.09,55.42,332.51
1411,204,Montre Apple Watch,420.34,5,5,Wearable,2101.7,1996.61,399.32,2395.93
1412,212,Chargeur USB-C,31.25,1,0,Accessoire,31.25,31.25,6.25,37.5
1413,214,Tapis de souris XL,25.25,1,5,Accessoire,25.25,23.99,4.8,28.79
1414,213,Hub USB,54.99,3,20,Accessoire,164.97,131.98,26.4,158.38
1415,213,Hub USB,46.27,2,5,Accessoire,92.54,87.91,17.58,105.49
1416,210,Webcam Logitech,83.01,4,10,Peripherique,332.04,298.84,59.77,358.61
1417,212,Chargeur USB-C,27.16,1,5,Accessoire,27.16,25.8,5.16,30.96
1418,207,Ecran LG 27,328.94,4,25,Affichage,1315.76,986.82,197.36,1184.18
1419,200,Smartphone Samsung,609.33,3,5,Mobile,1827.99,1736.59,347.32,2083.91
1420,201,Laptop Dell,1080.98,3,5,Informatique,3242.94,3080.79,616.16,3696.95
1421,214,Tapis de souris XL,22.78,5,0,Accessoire,113.9,113.9,22.78,136.68
1422,212,Chargeur USB-C,29.5,3,20,Accessoire,88.5,70.8,14.16,84.96
1423,200,Smartphone Samsung,604.73,4,0,Mobile,2418.92,2418.92,483.78,2902.7
1424,208,Imprimante HP,197.67,1,5,Informatique,197.67,187.79,37.56,225.35
1425,212,Chargeur USB-C,29.51,4,5,Accessoire,118.04,112.14,22.43,134.57
1426,206,Souris Razer,58.74,5,5,Peripherique,293.7,279.01,55.8,334.81
1427,214,Tapis de souris XL,24.33,2,10,Accessoire,48.66,43.79,8.76,52.55
1428,206,Souris Razer,60.7,4,10,Peripherique,242.8,218.52,43.7,262.22
1429,213,Hub USB,46.13,2,15,Accessoire,92.26,78.42,15.68,94.1
1430,203,Tablette iPad,795.97,5,0,Mobile,3979.85,3979.85,795.97,4775.82
1431,201,Laptop Dell,1110.83,4,0,Informatique,4443.32,4443.32,888.66,5331.98
1432,212,Chargeur USB-C,30.38,1,10,Accessoire,30.38,27.34,5.47,32.81
1433,204,Montre Apple Watch,438.9,1,5,Wearable,438.9,416.95,83.39,500.34
1434,214,Tapis de souris XL,22.86,3,5,Accessoire,68.58,65.15,13.03,78.18
1435,206,Souris Razer,58.45,4,20,Peripherique,233.8,187.04,37.41,224.45
1436,205,Clavier Logitech,97.58,2,15,Peripherique,195.16,165.89,33.18,199.07
1437,202,Ecouteurs Sony,140.89,4,0,Audio,563.56,563.56,112.71,676.27
1438,211,Casque Bose,306.78,1,15,Audio,306.78,260.76,52.15,312.91
1439,214,Tapis de souris XL,22.53,1,5,Accessoire,22.53,21.4,4.28,25.68
1440,213,Hub USB,54.56,5,20,Accessoire,272.8,218.24,43.65,261.89
1441,206,Souris Razer,54.71,2,20,Peripherique,109.42,87.54,17.51,105.05
1442,213,Hub USB,51.08,5,5,Accessoire,255.4,242.63,48.53,291.16
1443,205,Clavier Logitech,97.05,1,5,Peripherique,97.05,92.2,18.44,110.64
1444,203,Tablette iPad,732.51,4,0,Mobile,2930.04,2930.04,586.01,3516.05
1445,214,Tapis de souris XL,23.74,4,5,Accessoire,94.96,90.21,18.04,108.25
1446,202,Ecouteurs Sony,139.51,1,5,Audio,139.51,132.53,26.51,159.04
1447,212,Chargeur USB-C,30.06,1,10,Accessoire,30.06,27.05,5.41,32.46
1448,206,Souris Razer,63.34,1,0,Peripherique,63.34,63.34,12.67,76.01
1449,214,Tapis de souris XL,26.31,1,15,Accessoire,26.31,22.36,4.47,26.83
1450,202,Ecouteurs Sony,135.5,5,0,Audio,677.5,677.5,135.5,813.0
1451,205,Clavier Logitech,90.34,5,25,Peripherique,451.7,338.77,67.75,406.52
1452,202,Ecouteurs Sony,142.7,3,0,Audio,428.1,428.1,85.62,513.72
1453,211,Casque Bose,298.63,2,5,Audio,597.26,567.4,113.48,680.88
1454,212,Chargeur USB-C,30.93,3,10,Accessoire,92.79,83.51,16.7,100.21
1455,212,Chargeur USB-C,28.8,5,15,Accessoire,144.0,122.4,24.48,146.88
1456,209,Disque SSD 1TB,123.86,2,10,Stockage,247.72,222.95,44.59,267.54
1457,212,Chargeur USB-C,28.1,5,10,Accessoire,140.5,126.45,25.29,151.74
1458,202,Ecouteurs Sony,147.99,4,20,Audio,591.96,473.57,94.71,568.28
1459,206,Souris Razer,65.65,3,0,Peripherique,196.95,196.95,39.39,236.34
1460,204,Montre Apple Watch,414.85,1,10,Wearable,414.85,373.37,74.67,448.04
1461,200,Smartphone Samsung,624.12,1,0,Mobile,624.12,624.12,124.82,748.94
1462,206,Souris Razer,54.77,5,20,Peripherique,273.85,219.08,43.82,262.9
1463,210,Webcam Logitech,80.04,4,5,Peripherique,320.16,304.15,60.83,364.98
1464,206,Souris Razer,54.2,3,25,Peripherique,162.6,121.95,24.39,146.34
1465,207,Ecran LG 27,380.62,3,25,Affichage,1141.86,856.39,171.28,1027.67
1466,211,Casque Bose,284.45,1,10,Audio,284.45,256.0,51.2,307.2
1467,214,Tapis de souris XL,23.72,3,5,Accessoire,71.16,67.6,13.52,81.12
1468,210,Webcam Logitech,86.45,4,10,Peripherique,345.8,311.22,62.24,373.46
1469,207,Ecran LG 27,349.88,3,5,Affichage,1049.64,997.16,199.43,1196.59
1470,208,Imprimante HP,180.06,5,0,Informatique,900.3,900.3,180.06,1080.36
1471,202,Ecouteurs Sony,150.59,2,5,Audio,301.18,286.12,57.22,343.34
1472,205,Clavier Logitech,97.25,4,20,Peripherique,389.0,311.2,62.24,373.44
1473,202,Ecouteurs Sony,149.61,3,0,Audio,448.83,448.83,89.77,538.6
1474,206,Souris Razer,56.57,5,10,Peripherique,282.85,254.57,50.91,305.48
1475,204,Montre Apple Watch,385.9,3,0,Wearable,1157.7,1157.7,231.54,1389.24
1476,202,Ecouteurs Sony,136.85,4,10,Audio,547.4,492.66,98.53,591.19
1477,210,Webcam Logitech,74.59,3,25,Peripherique,223.77,167.83,33.57,201.4
1478,208,Imprimante HP,185.47,1,0,Informatique,185.47,185.47,37.09,222.56
1479,202,Ecouteurs Sony,154.08,3,0,Audio,462.24,462.24,92.45,554.69
1480,205,Clavier Logitech,92.94,1,5,Peripherique,92.94,88.29,17.66,105.95
1481,207,Ecran LG 27,329.88,5,5,Affichage,1649.4,1566.93,313.39,1880.32
1482,209,Disque SSD 1TB,116.87,4,15,Stockage,467.48,397.36,79.47,476.83
1483,214,Tapis de souris XL,27.29,3,0,Accessoire,81.87,81.87,16.37,98.24
1484,205,Clavier Logitech,97.61,4,25,Peripherique,390.44,292.83,58.57,351.4
1485,203,Tablette iPad,857.01,5,0,Mobile,4285.05,4285.05,857.01,5142.06
1486,209,Disque SSD 1TB,118.16,3,0,Stockage,354.48,354.48,70.9,425.38
1487,213,Hub USB,50.09,5,10,Accessoire,250.45,225.41,45.08,270.49
1488,202,Ecouteurs Sony,164.83,1,10,Audio,164.83,148.35,29.67,178.02
1489,201,Laptop Dell,1131.47,2,15,Informatique,2262.94,1923.5,384.7,2308.2
1490,212,Chargeur USB-C,32.28,4,0,Accessoire,129.12,129.12,25.82,154.94
1491,200,Smartphone Samsung,648.68,2,5,Mobile,1297.36,1232.49,246.5,1478.99
1492,202,Ecouteurs Sony,147.09,2,0,Audio,294.18,294.18,58.84,353.02
1493,206,Souris Razer,62.85,4,15,Peripherique,251.4,213.69,42.74,256.43
1494,212,Chargeur USB-C,32.22,2,0,Accessoire,64.44,64.44,12.89,77.33
1495,205,Clavier Logitech,90.67,2,10,Peripherique,181.34,163.21,32.64,195.85
1496,206,Souris Razer,61.87,1,10,Peripherique,61.87,55.68,11.14,66.82
1497,200,Smartphone Samsung,656.92,4,20,Mobile,2627.68,2102.14,420.43,2522.57
1498,210,Webcam Logitech,72.75,3,10,Peripherique,218.25,196.43,39.29,235.72
1499,212,Chargeur USB-C,29.35,1,5,Accessoire,29.35,27.88,5.58,33.46
1500,214,Tapis de souris XL,24.75,4,5,Accessoire,99.0,94.05,18.81,112.86
1501,206,Souris Razer,61.07,3,0,Peripherique,183.21,183.21,36.64,219.85
1502,200,Smartphone Samsung,609.24,4,5,Mobile,2436.96,2315.11,463.02,2778.13
1503,205,Clavier Logitech,94.0,4,20,Peripherique,376.0,300.8,60.16,360.96
1504,204,Montre Apple Watch,426.33,5,25,Wearable,2131.65,1598.74,319.75,1918.49
1505,203,Tablette iPad,875.62,1,15,Mobile,875.62,744.28,148.86,893.14
1506,210,Webcam Logitech,72.3,4,0,Peripherique,289.2,289.2,57.84,347.04
1507,213,Hub USB,54.69,3,25,Accessoire,164.07,123.05,24.61,147.66
1508,213,Hub USB,51.81,1,0,Accessoire,51.81,51.81,10.36,62.17
1509,213,Hub USB,45.86,4,0,Accessoire,183.44,183.44,36.69,220.13
1510,208,Imprimante HP,211.27,2,0,Informatique,422.54,422.54,84.51,507.05
1511,201,Laptop Dell,1246.17,4,15,Informatique,4984.68,4236.98,847.4,5084.38
1512,214,Tapis de souris XL,22.59,5,10,Accessoire,112.95,101.66,20.33,121.99
1513,202,Ecouteurs Sony,156.01,1,10,Audio,156.01,140.41,28.08,168.49
1514,206,Souris Razer,63.54,1,15,Peripherique,63.54,54.01,10.8,64.81
1515,204,Montre Apple Watch,360.9,5,15,Wearable,1804.5,1533.83,306.77,1840.6
1516,200,Smartphone Samsung,628.94,4,5,Mobile,2515.76,2389.97,477.99,2867.96
1517,214,Tapis de souris XL,26.26,1,20,Accessoire,26.26,21.01,4.2,25.21
1518,209,Disque SSD 1TB,110.99,1,25,Stockage,110.99,83.24,16.65,99.89
1519,202,Ecouteurs Sony,144.83,3,0,Audio,434.49,434.49,86.9,521.39
1520,206,Souris Razer,64.94,4,25,Peripherique,259.76,194.82,38.96,233.78
1521,207,Ecran LG 27,340.96,4,10,Affichage,1363.84,1227.46,245.49,1472.95
1522,212,Chargeur USB-C,32.35,5,10,Accessoire,161.75,145.58,29.12,174.7
1523,212,Chargeur USB-C,31.35,2,15,Accessoire,62.7,53.3,10.66,63.96
1524,211,Casque Bose,271.15,4,15,Audio,1084.6,921.91,184.38,1106.29
1525,208,Imprimante HP,196.18,3,20,Informatique,588.54,470.83,94.17,565.0
1526,200,Smartphone Samsung,552.7,2,25,Mobile,1105.4,829.05,165.81,994.86
1527,214,Tapis de souris XL,23.97,4,0,Accessoire,95.88,95.88,19.18,115.06
1528,205,Clavier Logitech,82.07,4,0,Peripherique,328.28,328.28,65.66,393.94
1529,213,Hub USB,47.96,2,25,Accessoire,95.92,71.94,14.39,86.33
1530,202,Ecouteurs Sony,144.57,5,5,Audio,722.85,686.71,137.34,824.05
1531,203,Tablette iPad,725.09,1,5,Mobile,725.09,688.84,137.77,826.61
1532,205,Clavier Logitech,88.72,2,25,Peripherique,177.44,133.08,26.62,159.7
1533,212,Chargeur USB-C,29.29,4,0,Accessoire,117.16,117.16,23.43,140.59
1534,205,Clavier Logitech,96.42,4,0,Peripherique,385.68,385.68,77.14,462.82
1535,213,Hub USB,51.42,3,0,Accessoire,154.26,154.26,30.85,185.11
1536,212,Chargeur USB-C,28.48,5,0,Accessoire,142.4,142.4,28.48,170.88
1537,210,Webcam Logitech,75.43,4,5,Peripherique,301.72,286.63,57.33,343.96
1538,205,Clavier Logitech,89.04,2,25,Peripherique,178.08,133.56,26.71,160.27
1539,204,Montre Apple Watch,363.17,3,10,Wearable,1089.51,980.56,196.11,1176.67
1540,200,Smartphone Samsung,601.71,2,20,Mobile,1203.42,962.74,192.55,1155.29
1541,209,Disque SSD 1TB,124.27,2,5,Stockage,248.54,236.11,47.22,283.33
1542,212,Chargeur USB-C,27.94,1,0,Accessoire,27.94,27.94,5.59,33.53
1543,214,Tapis de souris XL,22.62,1,10,Accessoire,22.62,20.36,4.07,24.43
1544,200,Smartphone Samsung,659.81,4,5,Mobile,2639.24,2507.28,501.46,3008.74
1545,212,Chargeur USB-C,30.93,5,0,Accessoire,154.65,154.65,30.93,185.58
1546,214,Tapis de souris XL,23.08,1,10,Accessoire,23.08,20.77,4.15,24.92
1547,204,Montre Apple Watch,417.92,2,0,Wearable,835.84,835.84,167.17,1003.01
1548,209,Disque SSD 1TB,127.26,3,25,Stockage,381.78,286.33,57.27,343.6
1549,209,Disque SSD 1TB,129.74,2,0,Stockage,259.48,259.48,51.9,311.38
1550,202,Ecouteurs Sony,146.46,4,10,Audio,585.84,527.26,105.45,632.71
1551,200,Smartphone Samsung,626.29,2,0,Mobile,1252.58,1252.58,250.52,1503.1
1552,205,Clavier Logitech,89.33,5,10,Peripherique,446.65,401.99,80.4,482.39
1553,210,Webcam Logitech,78.54,1,0,Peripherique,78.54,78.54,15.71,94.25
1554,210,Webcam Logitech,84.8,5,15,Peripherique,424.0,360.4,72.08,432.48
1555,200,Smartphone Samsung,585.8,3,5,Mobile,1757.4,1669.53,333.91,2003.44
1556,209,Disque SSD 1TB,126.34,4,0,Stockage,505.36,505.36,101.07,606.43
1557,204,Montre Apple Watch,428.52,3,10,Wearable,1285.56,1157.0,231.4,1388.4
1558,212,Chargeur USB-C,31.99,3,15,Accessoire,95.97,81.57,16.31,97.88
1559,202,Ecouteurs Sony,148.52,4,5,Audio,594.08,564.38,112.88,677.26
1560,204,Montre Apple Watch,414.97,5,0,Wearable,2074.85,2074.85,414.97,2489.82
1561,213,Hub USB,45.09,5,25,Accessoire,225.45,169.09,33.82,202.91
1562,204,Montre Apple Watch,371.82,1,5,Wearable,371.82,353.23,70.65,423.88
1563,209,Disque SSD 1TB,112.25,5,5,Stockage,561.25,533.19,106.64,639.83
1564,202,Ecouteurs Sony,158.04,2,10,Audio,316.08,284.47,56.89,341.36
1565,212,Chargeur USB-C,27.63,4,10,Accessoire,110.52,99.47,19.89,119.36
1566,214,Tapis de souris XL,24.66,5,5,Accessoire,123.3,117.13,23.43,140.56
1567,208,Imprimante HP,187.33,3,0,Informatique,561.99,561.99,112.4,674.39
1568,210,Webcam Logitech,82.85,3,10,Peripherique,248.55,223.7,44.74,268.44
1569,212,Chargeur USB-C,30.43,4,25,Accessoire,121.72,91.29,18.26,109.55
1570,202,Ecouteurs Sony,145.58,5,20,Audio,727.9,582.32,116.46,698.78
1571,210,Webcam Logitech,78.12,1,0,Peripherique,78.12,78.12,15.62,93.74
1572,207,Ecran LG 27,342.63,2,5,Affichage,685.26,651.0,130.2,781.2
1573,211,Casque Bose,301.29,5,5,Audio,1506.45,1431.13,286.23,1717.36
1574,210,Webcam Logitech,77.46,2,10,Peripherique,154.92,139.43,27.89,167.32
1575,209,Disque SSD 1TB,123.61,3,15,Stockage,370.83,315.21,63.04,378.25
1576,205,Clavier Logitech,92.55,2,0,Peripherique,185.1,185.1,37.02,222.12
1577,211,Casque Bose,317.04,5,10,Audio,1585.2,1426.68,285.34,1712.02
1578,203,Tablette iPad,746.13,2,5,Mobile,1492.26,1417.65,283.53,1701.18
1579,209,Disque SSD 1TB,124.85,3,15,Stockage,374.55,318.37,63.67,382.04
1580,205,Clavier Logitech,83.95,4,15,Peripherique,335.8,285.43,57.09,342.52
1581,212,Chargeur USB-C,31.81,1,0,Accessoire,31.81,31.81,6.36,38.17
1582,206,Souris Razer,62.12,5,0,Peripherique,310.6,310.6,62.12,372.72
1583,209,Disque SSD 1TB,130.04,4,0,Stockage,520.16,520.16,104.03,624.19
1584,208,Imprimante HP,215.04,2,25,Informatique,430.08,322.56,64.51,387.07
1585,206,Souris Razer,59.34,2,5,Peripherique,118.68,112.75,22.55,135.3
1586,209,Disque SSD 1TB,125.7,1,20,Stockage,125.7,100.56,20.11,120.67
1587,209,Disque SSD 1TB,116.85,2,5,Stockage,233.7,222.01,44.4,266.41
1588,204,Montre Apple Watch,418.62,2,0,Wearable,837.24,837.24,167.45,1004.69
1589,213,Hub USB,47.68,1,10,Accessoire,47.68,42.91,8.58,51.49
1590,205,Clavier Logitech,89.86,4,0,Peripherique,359.44,359.44,71.89,431.33
1591,209,Disque SSD 1TB,129.3,4,5,Stockage,517.2,491.34,98.27,589.61
1592,202,Ecouteurs Sony,142.24,2,15,Audio,284.48,241.81,48.36,290.17
1593,209,Disque SSD 1TB,108.9,5,0,Stockage,544.5,544.5,108.9,653.4
1594,204,Montre Apple Watch,403.22,3,15,Wearable,1209.66,1028.21,205.64,1233.85
1595,202,Ecouteurs Sony,158.52,3,15,Audio,475.56,404.23,80.85,485.08
1596,204,Montre Apple Watch,363.87,3,20,Wearable,1091.61,873.29,174.66,1047.95
1597,206,Souris Razer,61.97,4,5,Peripherique,247.88,235.49,47.1,282.59
1598,214,Tapis de souris XL,26.86,2,25,Accessoire,53.72,40.29,8.06,48.35
1599,211,Casque Bose,275.35,1,0,Audio,275.35,275.35,55.07,330.42
1600,210,Webcam Logitech,72.97,2,0,Peripherique,145.94,145.94,29.19,175.13
